user_000001	(Nice Dream)	1
user_000001	15 Step	20
user_000001	42	1
user_000001	49 Percent	1
user_000001	5 Years	3
user_000001	A Moment Of Clarity	11
user_000001	Aeroplane	1
user_000001	Air	1
user_000001	Alarm Call	3
user_000001	Alice	1
user_000001	All I Need	18
user_000001	All Is Full Of Love	1
user_000001	Alpha Male	6
user_000001	Always	11
user_000001	Analyse	2
user_000001	Animals	11
user_000001	Army Of Me	1
user_000001	Around The World	9
user_000001	Aurora	8
user_000001	Baby	6
user_000001	Bachelorette	1
user_000001	Battery	7
user_000001	Beat It	1
user_000001	Beautiful Day Without You	6
user_000001	Beauty	4
user_000001	Believe	13
user_000001	Big Time Sensuality	1
user_000001	Black Star	1
user_000001	Black Swan	1
user_000001	Block Rockin' Beats	1
user_000001	Blue Moon	3
user_000001	Blue Ridge Mountains	5
user_000001	Bodyrock	1
user_000001	Bodysnatchers	19
user_000001	Bones	2
user_000001	Bounce	9
user_000001	Boys	8
user_000001	Brazil	5
user_000001	Breathe	25
user_000001	Bullet Proof..I Wish I Was	2
user_000001	Butterfly	2
user_000001	Chameleon	1
user_000001	Chances	3
user_000001	Change	3
user_000001	Circles	5
user_000001	Circuit Breaker	6
user_000001	City Lights	27
user_000001	Clouds	5
user_000001	Coda	8
user_000001	Come To Me	1
user_000001	Come With Me	7
user_000001	Coming Home	1
user_000001	Confusion	2
user_000001	Cover Me	2
user_000001	Crying	3
user_000001	Dance With Me	4
user_000001	Dani California	1
user_000001	Daydream	1
user_000001	Daylight	1
user_000001	Dayvan Cowboy	16
user_000001	Dead To The World	5
user_000001	Death And All His Friends	1
user_000001	Departure	2
user_000001	Discipline	5
user_000001	Distance	15
user_000001	Do It Again	2
user_000001	Do You Remember	4
user_000001	Don'T	3
user_000001	Don'T Look Back In Anger	1
user_000001	Down	9
user_000001	Down By The River	1
user_000001	Dreaming	7
user_000001	Drifting	1
user_000001	Drop	8
user_000001	Earth Intruders	7
user_000001	Echoes	4
user_000001	Enjoy	7
user_000001	Escape	10
user_000001	Everything Is Alright	19
user_000001	Evidence	1
user_000001	Explode	1
user_000001	Fake Plastic Trees	3
user_000001	Falling Down	1
user_000001	Falling For You	4
user_000001	Faust Arp	16
user_000001	Fearless	2
user_000001	Five	17
user_000001	Fly	6
user_000001	Follow My Ruin	3
user_000001	Footprints	1
user_000001	For Your Love	3
user_000001	Forever	9
user_000001	Frank Sinatra	2
user_000001	Free	29
user_000001	Future	2
user_000001	Girls	5
user_000001	Give It To Me	5
user_000001	Go	3
user_000001	Go Away	9
